Social Login Google Options,Social Login Google Options
Social Login Facebook Options,Social Login Facebook Options
Social Login Twitter Options,Social Login Twitter Options
Social Login Linkedin Options,Social Login Linkedin Options
Social Login Yahoo Options,Social Login Yahoo Options
SocialLogin,SocialLogin
Checkout as a Guest or Register,Checkout as a Guest or Register
Register to Create an Account,Register to Create an Account
Register with us for future convenience:,Register with us for future convenience:
Register and save time!,Register and save time!
Fast and easy check out,Fast and easy check out
Easy access to your order history and status,Easy access to your order history and status
Checkout as Guest,Checkout as Guest
Register,Register
Already registered?,Already registered?
Please log in below:,Please log in below:
Email Address,Email Address
Password,Password
Continue,Continue
* Required Fields,* Required Fields
Forgot your password?,Forgot your password?
Login,Login
Login or Create an Account,Login or Create an Account
New Customers,New Customers
"By creating an account with our store, you will be able to move through the checkout process faster, store multiple shipping addresses, view and track your orders in your account and more.","By creating an account with our store, you will be able to move through the checkout process faster, store multiple shipping addresses, view and track your orders in your account and more."
Registered Customers,Registered Customers
"If you have an account with us, please log in.","If you have an account with us, please log in."
Create an Account,Create an Account
Forgot Your Password?,Forgot Your Password?
Personal Information,Personal Information
Sign Up for Newsletter,Sign Up for Newsletter
Address Information,Address Information
Company,Company
Telephone,Telephone
Street Address,Street Address
City,City
State/Province,State/Province
"Please select region, state or province","Please select region, state or province"
Zip/Postal Code,Zip/Postal Code
Login Information,Login Information
Confirm Password,Confirm Password
Back,Back
Submit,Submit
Facebook SocialLogin,Facebook SocialLogin
Connected as %s,Connected as %s
Email: %s,Email: %s
Gender: %s,Gender: %s
Birthday: %s,Birthday: %s
You can connect store account with your Facebook account so you could login easier in the future.,You can connect store account with your Facebook account so you could login easier in the future.
Google SocialLogin,Google SocialLogin
Google #: %s,Google #: %s
You can connect store account with your Google account so you could login easier in the future.,You can connect store account with your Google account so you could login easier in the future.
Linkedin SocialLogin,Linkedin SocialLogin
Linkedin #: %s,Linkedin #: %s
You can connect store account with your Linkedin account so you could login easier in the future.,You can connect store account with your Linkedin account so you could login easier in the future.
Twitter SocialLogin,Twitter SocialLogin
Twitter #: %s,Twitter #: %s
You can connect store account with your Twitter account so you could login easier in the future.,You can connect store account with your Twitter account so you could login easier in the future.
Yahoo SocialLogin,Yahoo SocialLogin
Yahoo #: %s,Yahoo #: %s
You can connect store account with your Yahoo account so you could login easier in the future.,You can connect store account with your Yahoo account so you could login easier in the future.
